outlet_scale,alpha_profile,peak_exponent,phase_scale,tstar_load_exponent,all_conditions_feasible,weighted_power_10_kW,weighted_power_5_kW,weighted_power_increase_pct
0.08,equal,1.1,0.65,-0.3,True,1561.7457996182943,1739.2903548003428,11.368338895192931
0.08,equal,1.1,0.65,-0.18,True,1561.7457996182943,1740.0127499205205,11.414594509925768
0.08,equal,1.1,0.65,-0.1,True,1561.7457996182943,1740.0127499205205,11.414594509925768
0.08,equal,1.1,0.8,-0.3,True,1563.166379368054,1749.2597945128298,11.904901333664064
0.08,equal,1.1,0.8,-0.18,True,1561.7457996182943,1749.2597945128298,12.006691161926963
0.08,equal,1.1,0.8,-0.1,True,1562.349993875001,1750.9614851756303,12.072294430829022
0.08,equal,1.1,1.0,-0.3,True,1565.248720138238,1771.8998425973946,13.202446346092888
0.08,equal,1.1,1.0,-0.18,True,1568.8462800570412,1769.329754103243,12.779038749348492
0.08,equal,1.1,1.0,-0.1,True,1568.8462800570412,1767.4567648945654,12.659652342121298
0.08,equal,1.35,0.65,-0.3,True,1561.7457996182943,1740.3409734885986,11.435610962677444
0.08,equal,1.35,0.65,-0.18,True,1561.7457996182943,1740.0127499205205,11.414594509925768
0.08,equal,1.35,0.65,-0.1,True,1561.7457996182943,1740.975480046542,11.476238993058496
0.08,equal,1.35,0.8,-0.3,True,1563.166379368054,1749.7087273983911,11.933620789985966
0.08,equal,1.35,0.8,-0.18,True,1563.166379368054,1749.2597945128298,11.904901333664064
0.08,equal,1.35,0.8,-0.1,True,1562.349993875001,1752.0141266762455,12.139669955182853
0.08,equal,1.35,1.0,-0.3,True,1565.248720138238,1772.8515795259336,13.2632505439366
0.08,equal,1.35,1.0,-0.18,True,1568.8462800570412,1769.329754103243,12.779038749348492
0.08,equal,1.35,1.0,-0.1,True,1569.0680927088722,1769.329754103243,12.763095644156186
0.08,equal,1.6,0.65,-0.3,True,1561.7457996182943,1741.8266816172536,11.530742201642074
0.08,equal,1.6,0.65,-0.18,True,1561.7457996182943,1742.8374073106183,11.595459884482139
0.08,equal,1.6,0.65,-0.1,True,1561.7457996182943,1740.975480046542,11.476238993058496
0.08,equal,1.6,0.8,-0.3,True,1563.166379368054,1753.8360662070108,12.197657866467114
0.08,equal,1.6,0.8,-0.18,True,1563.166379368054,1749.2597945128298,11.904901333664064
0.08,equal,1.6,0.8,-0.1,True,1562.349993875001,1753.0994234182515,12.209135615646938
0.08,equal,1.6,1.0,-0.3,True,1566.1662201167696,1773.5899131848273,13.244040792336364
0.08,equal,1.6,1.0,-0.18,True,1568.8462800570412,1774.590792938046,13.114383193331358
0.08,equal,1.6,1.0,-0.1,True,1569.0680927088722,1770.1185779850357,12.813369044364787
0.08,weak_front,1.1,0.65,-0.3,True,1561.7457996182943,1744.3894359191565,11.69483768392412
0.08,weak_front,1.1,0.65,-0.18,True,1561.7457996182943,1745.0195458328226,11.735184193184466
0.08,weak_front,1.1,0.65,-0.1,True,1561.7457996182943,1743.066104804592,11.610103592442123
0.08,weak_front,1.1,0.8,-0.3,True,1564.4544151331902,1754.7697270287233,12.164963712242805
0.08,weak_front,1.1,0.8,-0.18,True,1564.4544151331902,1754.0897465297971,12.121499326681384
0.08,weak_front,1.1,0.8,-0.1,True,1565.248720138238,1754.0897465297971,12.064601872019498
0.08,weak_front,1.1,1.0,-0.3,True,1570.4643457354873,1774.4278798912999,12.987466713884
0.08,weak_front,1.1,1.0,-0.18,True,1570.4643457354873,1774.408655893794,12.986242617484866
0.08,weak_front,1.1,1.0,-0.1,True,1570.4643457354873,1772.8255793507712,12.885439530339227
0.08,weak_front,1.35,0.65,-0.3,True,1561.7457996182943,1744.6850775615644,11.71376788642442
0.08,weak_front,1.35,0.65,-0.18,True,1561.7457996182943,1746.0309100629433,11.799942762112114
0.08,weak_front,1.35,0.65,-0.1,True,1561.7457996182943,1745.7352684205355,11.781012559611813
0.08,weak_front,1.35,0.8,-0.3,True,1564.4544151331902,1754.7697270287233,12.164963712242805
0.08,weak_front,1.35,0.8,-0.18,True,1565.248720138238,1756.845346882275,12.240650593032631
0.08,weak_front,1.35,0.8,-0.1,True,1565.248720138238,1754.710175995894,12.104239627867152
0.08,weak_front,1.35,1.0,-0.3,True,1570.4643457354873,1775.3796168198392,13.048068976592075
0.08,weak_front,1.35,1.0,-0.18,True,1570.4643457354873,1774.4278798912999,12.987466713884
0.08,weak_front,1.35,1.0,-0.1,True,1571.2386661065011,1777.4917030164788,13.12677961401425
0.08,weak_front,1.6,0.65,-0.3,True,1563.166379368054,1744.7243320196994,11.61475547632007
0.08,weak_front,1.6,0.65,-0.18,True,1561.7457996182943,1746.0309100629433,11.799942762112114
0.08,weak_front,1.6,0.65,-0.1,True,1561.7457996182943,1746.0309100629433,11.799942762112114
0.08,weak_front,1.6,0.8,-0.3,True,1564.4544151331902,1756.2089049693036,12.256956034080947
0.08,weak_front,1.6,0.8,-0.18,True,1565.248720138238,1756.845346882275,12.240650593032631
0.08,weak_front,1.6,0.8,-0.1,True,1565.248720138238,1757.4657763483717,12.280288348880287
0.08,weak_front,1.6,1.0,-0.3,True,1570.4643457354873,1776.5821420563439,13.124640293844214
0.08,weak_front,1.6,1.0,-0.18,True,1570.4643457354873,1775.3796168198392,13.048068976592075
0.08,weak_front,1.6,1.0,-0.1,True,1571.2386661065011,1777.668901468067,13.138057242003587
0.08,central_front,1.1,0.65,-0.3,True,1564.4544151331902,1748.1469931164042,11.741638248218011
0.08,central_front,1.1,0.65,-0.18,True,1565.248720138238,1748.2796944167799,11.693411527746033
0.08,central_front,1.1,0.65,-0.1,True,1565.248720138238,1748.312107145121,11.695482299497773
0.08,central_front,1.1,0.8,-0.3,True,1567.129885896401,1757.2529845183983,12.13192986318723
0.08,central_front,1.1,0.8,-0.18,True,1570.131662634456,1757.2529845183983,11.917556109274274
0.08,central_front,1.1,0.8,-0.1,True,1570.131662634456,1758.8906680760233,12.021858416946806
0.08,central_front,1.1,1.0,-0.3,True,1574.693127590881,1776.0180337450893,12.785024753503226
0.08,central_front,1.1,1.0,-0.18,True,1576.1358449669615,1776.0272293642126,12.682370306820934
0.08,central_front,1.1,1.0,-0.1,True,1576.5685830254386,1775.8142699071389,12.637933359000941
0.08,central_front,1.35,0.65,-0.3,True,1564.4544151331902,1748.9735698249385,11.794473070411527
0.08,central_front,1.35,0.65,-0.18,True,1565.248720138238,1748.2796944167799,11.693411527746033
0.08,central_front,1.35,0.65,-0.1,True,1565.248720138238,1748.312107145121,11.695482299497773
0.08,central_front,1.35,0.8,-0.3,True,1567.129885896401,1757.9020259138413,12.17334579184024
0.08,central_front,1.35,0.8,-0.18,True,1570.131662634456,1757.2529845183983,11.917556109274274
0.08,central_front,1.35,0.8,-0.1,True,1570.131662634456,1758.8906680760233,12.021858416946806
0.08,central_front,1.35,1.0,-0.3,True,1574.693127590881,1776.548742496362,12.818727113790063
0.08,central_front,1.35,1.0,-0.18,True,1576.1358449669615,1776.822657802643,12.732837304381484
0.08,central_front,1.35,1.0,-0.1,True,1576.5685830254386,1777.8782008940657,12.768846216782626
0.08,central_front,1.6,0.65,-0.3,True,1564.4544151331902,1748.9735698249385,11.794473070411527
0.08,central_front,1.6,0.65,-0.18,True,1565.248720138238,1749.1386838536553,11.748290310001131
0.08,central_front,1.6,0.65,-0.1,True,1565.248720138238,1748.312107145121,11.695482299497773
0.08,central_front,1.6,0.8,-0.3,True,1567.129885896401,1760.210868366784,12.320675153223837
0.08,central_front,1.6,0.8,-0.18,True,1570.131662634456,1757.9020259138413,11.958892858980597
0.08,central_front,1.6,0.8,-0.1,True,1570.131662634456,1759.5397094714663,12.063195166653129
0.08,central_front,1.6,1.0,-0.3,True,1574.8081765913112,1780.0418337386836,13.032295628004853
0.08,central_front,1.6,1.0,-0.18,True,1576.4160085008734,1777.2921797668948,12.742586359361386
0.08,central_front,1.6,1.0,-0.1,True,1576.5685830254386,1778.4089096453383,12.802508485394771
0.09,equal,1.1,0.65,-0.3,True,1580.5970640862188,1771.8222247699887,12.098286465837639
0.09,equal,1.1,0.65,-0.18,True,1581.458016390328,1771.8222247699887,12.037259693694935
0.09,equal,1.1,0.65,-0.1,True,1581.458016390328,1771.8222247699887,12.037259693694935
0.09,equal,1.1,0.8,-0.3,True,1581.7619625052243,1782.9735459742903,12.72072462473326
0.09,equal,1.1,0.8,-0.18,True,1581.8075567151604,1782.4918783660619,12.687025093472792
0.09,equal,1.1,0.8,-0.1,True,1581.8075567151604,1781.3785878745998,12.61664418735462
0.09,equal,1.1,1.0,-0.3,True,1591.2942898732067,1803.300411437516,13.322873268225056
0.09,equal,1.1,1.0,-0.18,True,1591.3512781203285,1803.300411437516,13.318815036711285
0.09,equal,1.1,1.0,-0.1,True,1591.3512781203285,1800.804484977686,13.16197182464698
0.09,equal,1.35,0.65,-0.3,True,1580.5970640862188,1771.8222247699887,12.098286465837639
0.09,equal,1.35,0.65,-0.18,True,1581.458016390328,1771.8222247699887,12.037259693694935
0.09,equal,1.35,0.65,-0.1,True,1581.458016390328,1772.5189420430602,12.081315069547527
0.09,equal,1.35,0.8,-0.3,True,1584.2484929273123,1782.9735459742903,12.543805718241941
0.09,equal,1.35,0.8,-0.18,True,1581.8075567151604,1783.8778075009507,12.774641891673388
0.09,equal,1.35,0.8,-0.1,True,1582.2923204243052,1782.4918783660619,12.652501396712301
0.09,equal,1.35,1.0,-0.3,True,1591.2942898732067,1804.642311800448,13.407200873211234
0.09,equal,1.35,1.0,-0.18,True,1591.3512781203285,1803.5626110857102,13.33529157786213
0.09,equal,1.35,1.0,-0.1,True,1591.3512781203285,1807.362507364978,13.574075831943123
0.09,equal,1.6,0.65,-0.3,True,1580.5970640862188,1773.6952139786663,12.21678530727135
0.09,equal,1.6,0.65,-0.18,True,1581.458016390328,1771.8222247699887,12.037259693694935
0.09,equal,1.6,0.65,-0.1,True,1581.458016390328,1772.5189420430602,12.081315069547527
0.09,equal,1.6,0.8,-0.3,True,1584.2484929273123,1785.3873005326122,12.696165311392749
0.09,equal,1.6,0.8,-0.18,True,1581.8075567151604,1783.8778075009507,12.774641891673388
0.09,equal,1.6,0.8,-0.1,True,1582.2923204243052,1783.8778075009507,12.740091351931015
0.09,equal,1.6,1.0,-0.3,True,1591.2942898732067,1805.284898071514,13.447582232910404
0.09,equal,1.6,1.0,-0.18,True,1591.3512781203285,1804.5526777360603,13.397507046185364
0.09,equal,1.6,1.0,-0.1,True,1591.3512781203285,1807.6247070131722,13.590552373093967
0.09,weak_front,1.1,0.65,-0.3,True,1581.7619625052243,1773.8882189527594,12.146344456484591
0.09,weak_front,1.1,0.65,-0.18,True,1581.8075567151604,1772.6006802097922,12.061715262685912
0.09,weak_front,1.1,0.65,-0.1,True,1582.2923204243052,1772.5991016166477,12.027283374623842
0.09,weak_front,1.1,0.8,-0.3,True,1587.0026651519117,1784.850448720848,12.466758116628473
0.09,weak_front,1.1,0.8,-0.18,True,1587.5870982380052,1787.6056910509215,12.598905158331686
0.09,weak_front,1.1,0.8,-0.1,True,1588.291025803032,1787.6056910509215,12.549001537493233
0.09,weak_front,1.1,1.0,-0.3,True,1592.0519787272451,1804.5832442814146,13.349518005315142
0.09,weak_front,1.1,1.0,-0.18,True,1592.22202508705,1806.925157684888,13.484497087402092
0.09,weak_front,1.1,1.0,-0.1,True,1592.22202508705,1806.7624229082194,13.474276479088388
0.09,weak_front,1.35,0.65,-0.3,True,1581.7619625052243,1778.3833444269853,12.430529155622661
0.09,weak_front,1.35,0.65,-0.18,True,1581.8075567151604,1773.8882189527594,12.14311193685791
0.09,weak_front,1.35,0.65,-0.1,True,1582.2923204243052,1773.2526421525604,12.068586775233015
0.09,weak_front,1.35,0.8,-0.3,True,1587.0026651519117,1789.274284538923,12.745512268415094
0.09,weak_front,1.35,0.8,-0.18,True,1588.6184342400472,1788.9765771443285,12.612099833785905
0.09,weak_front,1.35,0.8,-0.1,True,1588.291025803032,1788.6048940025144,12.611912108374757
0.09,weak_front,1.35,1.0,-0.3,True,1592.0519787272451,1804.5832442814146,13.349518005315142
0.09,weak_front,1.35,1.0,-0.18,True,1592.22202508705,1807.9951431188838,13.551697855708088
0.09,weak_front,1.35,1.0,-0.1,True,1592.3039312293536,1806.9378321400554,13.479455567568156
0.09,weak_front,1.6,0.65,-0.3,True,1583.05695951692,1778.7621687340834,12.362486898568958
0.09,weak_front,1.6,0.65,-0.18,True,1581.8075567151604,1775.382383854339,12.237571272017632
0.09,weak_front,1.6,0.65,-0.1,True,1582.2923204243052,1775.9206160180959,12.237201248746988
0.09,weak_front,1.6,0.8,-0.3,True,1587.0026651519117,1789.5399280163638,12.762250959740173
0.09,weak_front,1.6,0.8,-0.18,True,1588.6184342400472,1788.9765771443285,12.612099833785905
0.09,weak_front,1.6,0.8,-0.1,True,1588.291025803032,1788.9765771443285,12.635313559102368
0.09,weak_front,1.6,1.0,-0.3,True,1592.0519787272451,1805.2621342282382,13.39216045392202
0.09,weak_front,1.6,1.0,-0.18,True,1592.22202508705,1808.6268827546312,13.591374460213856
0.09,weak_front,1.6,1.0,-0.1,True,1593.2019848170708,1808.0078175740512,13.482649080533516
0.09,central_front,1.1,0.65,-0.3,True,1585.9713291498697,1776.7229221247771,12.027430097185698
0.09,central_front,1.1,0.65,-0.18,True,1585.9713291498697,1774.0766363039293,11.860574254825273
0.09,central_front,1.1,0.65,-0.1,True,1585.196163128744,1772.789097560962,11.834051759370956
0.09,central_front,1.1,0.8,-0.3,True,1591.9949904801235,1790.662588389578,12.479159739663448
0.09,central_front,1.1,0.8,-0.18,True,1590.1931087717958,1787.603576778075,12.414244969200716
0.09,central_front,1.1,0.8,-0.1,True,1591.1481506066348,1786.975504537041,12.307298591633087
0.09,central_front,1.1,1.0,-0.3,True,1595.5506685245123,1807.3663131442067,13.275394432667653
0.09,central_front,1.1,1.0,-0.18,True,1594.2682040709678,1807.0108712438232,13.344220666862473
0.09,central_front,1.1,1.0,-0.1,True,1594.2682040709678,1807.084899658371,13.348864077196998
0.09,central_front,1.35,0.65,-0.3,True,1587.0026651519117,1777.2149717540285,11.985632461676365
0.09,central_front,1.35,0.65,-0.18,True,1585.9713291498697,1776.8439512070695,12.035061324816866
0.09,central_front,1.35,0.65,-0.1,True,1585.196163128744,1778.310525540932,12.182363729106749
0.09,central_front,1.35,0.8,-0.3,True,1591.9949904801235,1791.3038622691408,12.519440889001077
0.09,central_front,1.35,0.8,-0.18,True,1590.1931087717958,1787.7936815440028,12.426199791849557
0.09,central_front,1.35,0.8,-0.1,True,1591.1481506066348,1787.603576778075,12.346771486774522
0.09,central_front,1.35,1.0,-0.3,True,1595.5506685245123,1808.4362985782025,13.342455006493559
0.09,central_front,1.35,1.0,-0.18,True,1594.2682040709678,1807.5821180029557,13.380051950311135
0.09,central_front,1.35,1.0,-0.1,True,1594.2682040709678,1807.9045947531072,13.400279208769161
0.09,central_front,1.6,0.65,-0.3,True,1587.0026651519117,1777.6134812069079,12.010743286102187
0.09,central_front,1.6,0.65,-0.18,True,1585.9713291498697,1777.8669336967967,12.099563278346848
0.09,central_front,1.6,0.65,-0.1,True,1586.7332095406937,1780.5794083741935,12.216685052530774
0.09,central_front,1.6,0.8,-0.3,True,1591.9949904801235,1793.7169915974696,12.67101984136958
0.09,central_front,1.6,0.8,-0.18,True,1592.1650368399285,1791.3038622691408,12.507423591241263
0.09,central_front,1.6,0.8,-0.1,True,1591.1481506066348,1787.7936815440028,12.358719133877983
0.09,central_front,1.6,1.0,-0.3,True,1596.1971483718385,1809.4959590136366,13.362936455522956
0.09,central_front,1.6,1.0,-0.18,True,1595.9250720971347,1809.5331524910678,13.384593307581794
0.09,central_front,1.6,1.0,-0.1,True,1594.2682040709678,1809.4887156114676,13.499642719520688
0.1,equal,1.1,0.65,-0.3,True,1599.7689102328193,1802.5241742577093,12.674034526360579
0.1,equal,1.1,0.65,-0.18,True,1599.7689102328193,1801.4765700794553,12.608549807189394
0.1,equal,1.1,0.65,-0.1,True,1599.4668156684136,1801.4765700794553,12.62981841399582
0.1,equal,1.1,0.8,-0.3,True,1601.8917385776842,1814.5054869149894,13.272666511538688
0.1,equal,1.1,0.8,-0.18,True,1601.6840880205386,1815.2391288737988,13.33315617296198
0.1,equal,1.1,0.8,-0.1,True,1601.6840880205386,1815.1047736262785,13.324767799216787
0.1,equal,1.1,1.0,-0.3,True,1604.5351001047447,1831.9336266398238,14.172237585842428
0.1,equal,1.1,1.0,-0.18,True,1604.3696562168057,1830.2420998131697,14.078578631871164
0.1,equal,1.1,1.0,-0.1,True,1604.3716766569019,1829.7945952535665,14.050542145345535
0.1,equal,1.35,0.65,-0.3,True,1599.7689102328193,1802.5241742577093,12.674034526360579
0.1,equal,1.35,0.65,-0.18,True,1599.7689102328193,1803.047822374824,12.706767261305307
0.1,equal,1.35,0.65,-0.1,True,1599.4668156684136,1801.4765700794553,12.62981841399582
0.1,equal,1.35,0.8,-0.3,True,1602.094331133892,1814.6019774955535,13.264365414192426
0.1,equal,1.35,0.8,-0.18,True,1601.9193282489184,1815.639358725156,13.341497708867657
0.1,equal,1.35,0.8,-0.1,True,1601.6840880205386,1815.9637714497492,13.378398713695837
0.1,equal,1.35,1.0,-0.3,True,1604.9959011005008,1833.107972791765,14.212626433179931
0.1,equal,1.35,1.0,-0.18,True,1604.3696562168057,1832.5637690533927,14.223287753688997
0.1,equal,1.35,1.0,-0.1,True,1604.3716766569019,1832.4832203963122,14.218123335032695
0.1,equal,1.6,0.65,-0.3,True,1600.2650537114262,1803.77810599114,12.717459011412814
0.1,equal,1.6,0.65,-0.18,True,1599.7689102328193,1803.047822374824,12.706767261305307
0.1,equal,1.6,0.65,-0.1,True,1599.7689102328193,1803.047822374824,12.706767261305307
0.1,equal,1.6,0.8,-0.3,True,1602.094331133892,1817.3500308101302,13.435894222526201
0.1,equal,1.6,0.8,-0.18,True,1601.9193282489184,1815.73584930572,13.347521144558971
0.1,equal,1.6,0.8,-0.1,True,1601.6840880205386,1816.372506788788,13.403917812130771
0.1,equal,1.6,1.0,-0.3,True,1605.1788048732926,1834.3586038176804,14.277524612747339
0.1,equal,1.6,1.0,-0.18,True,1605.2844750425536,1833.703560275857,14.229196680373324
0.1,equal,1.6,1.0,-0.1,True,1604.7912339966279,1833.3851333020145,14.244463358395132
0.1,weak_front,1.1,0.65,-0.3,True,1600.6731059705032,1803.6014115874384,12.677685709843779
0.1,weak_front,1.1,0.65,-0.18,True,1600.6731059705032,1803.047822374824,12.643100933567508
0.1,weak_front,1.1,0.65,-0.1,True,1600.1769624918963,1803.047822374824,12.678026533203202
0.1,weak_front,1.1,0.8,-0.3,True,1602.121920805126,1815.1435578857092,13.296218865386479
0.1,weak_front,1.1,0.8,-0.18,True,1602.121920805126,1814.1402377499123,13.233594409484105
0.1,weak_front,1.1,0.8,-0.1,True,1602.2962730957786,1815.1953995344895,13.287126108542392
0.1,weak_front,1.1,1.0,-0.3,True,1606.6995428529033,1830.4767173208704,13.927754909957946
0.1,weak_front,1.1,1.0,-0.18,True,1606.162077803617,1829.8403610571906,13.92625852301579
0.1,weak_front,1.1,1.0,-0.1,True,1606.2119781217807,1830.374875925708,13.955997144664023
0.1,weak_front,1.35,0.65,-0.3,True,1600.6731059705032,1804.420112004651,12.728832968716253
0.1,weak_front,1.35,0.65,-0.18,True,1600.6731059705032,1803.6014115874384,12.677685709843779
0.1,weak_front,1.35,0.65,-0.1,True,1600.1769624918963,1805.034254877358,12.802164834722095
0.1,weak_front,1.35,0.8,-0.3,True,1602.563673504047,1816.2199722807227,13.332156613129165
0.1,weak_front,1.35,0.8,-0.18,True,1602.121920805126,1814.3841758634392,13.248820348930979
0.1,weak_front,1.35,0.8,-0.1,True,1602.3790192328586,1815.3210923442118,13.289120149195387
0.1,weak_front,1.35,1.0,-0.3,True,1607.0224723003635,1831.9810815116766,13.998473144516609
0.1,weak_front,1.35,1.0,-0.18,True,1606.7851267117287,1831.1534690937328,13.963805032298993
0.1,weak_front,1.35,1.0,-0.1,True,1606.6910809380847,1831.6970990066193,14.004311142199288
0.1,weak_front,1.6,0.65,-0.3,True,1601.003579277584,1806.238061582873,12.819114520524444
0.1,weak_front,1.6,0.65,-0.18,True,1600.6731059705032,1804.420112004651,12.728832968716253
0.1,weak_front,1.6,0.65,-0.1,True,1600.6731059705032,1807.4633646232803,12.918956274173055
0.1,weak_front,1.6,0.8,-0.3,True,1602.6552302836246,1816.5822035814535,13.348284101002172
0.1,weak_front,1.6,0.8,-0.18,True,1602.121920805126,1816.771713409331,13.397843810559396
0.1,weak_front,1.6,0.8,-0.1,True,1602.4988656519863,1816.3383174406067,13.344125002024176
0.1,weak_front,1.6,1.0,-0.3,True,1607.921174964162,1833.9230107543224,14.055529543927904
0.1,weak_front,1.6,1.0,-0.18,True,1607.3934141799355,1833.4445305813197,14.063210313494512
0.1,weak_front,1.6,1.0,-0.1,True,1607.4528961795581,1832.7028164113096,14.012847329281254
0.1,central_front,1.1,0.65,-0.3,True,1602.031313366171,1807.0485953403893,12.79733300240169
0.1,central_front,1.1,0.65,-0.18,True,1601.0500508173634,1806.3096549924062,12.820311524318328
0.1,central_front,1.1,0.65,-0.1,True,1601.0500508173634,1806.207844321779,12.81395253069566
0.1,central_front,1.1,0.8,-0.3,True,1603.7484384513552,1814.8498615113215,13.163001004310516
0.1,central_front,1.1,0.8,-0.18,True,1603.7246894349923,1815.7216313358592,13.219035866783058
0.1,central_front,1.1,0.8,-0.1,True,1603.7045145158936,1815.1378071467277,13.184055461405176
0.1,central_front,1.1,1.0,-0.3,True,1609.1790527320134,1828.3693062025006,13.621247001590842
0.1,central_front,1.1,1.0,-0.18,True,1608.9844875935114,1829.197192049915,13.686440494262708
0.1,central_front,1.1,1.0,-0.1,True,1608.8173536861473,1828.4305258337074,13.650596921047576
0.1,central_front,1.35,0.65,-0.3,True,1602.061032867399,1806.5401403102028,12.763502965728035
0.1,central_front,1.35,0.65,-0.18,True,1601.3805241244445,1806.9663557286929,12.838037462498342
0.1,central_front,1.35,0.65,-0.1,True,1601.0500508173634,1807.1723556428299,12.874194952258833
0.1,central_front,1.35,0.8,-0.3,True,1603.8743599030959,1814.8498615113215,13.154116487090196
0.1,central_front,1.35,0.8,-0.18,True,1603.7246894349923,1815.8725225486394,13.228444664550798
0.1,central_front,1.35,0.8,-0.1,True,1604.4664563810127,1816.5614686607626,13.219036860274723
0.1,central_front,1.35,1.0,-0.3,True,1609.7034517792542,1830.1339277346956,13.693856201388698
0.1,central_front,1.35,1.0,-0.18,True,1609.415563803269,1829.791278624482,13.692903174145709
0.1,central_front,1.35,1.0,-0.1,True,1609.676941258808,1830.452515556754,13.715520713447859
0.1,central_front,1.6,0.65,-0.3,True,1602.061032867399,1807.0658040858307,12.796314685434318
0.1,central_front,1.6,0.65,-0.18,True,1601.3805241244445,1808.5032587012392,12.934011089590292
0.1,central_front,1.6,0.65,-0.1,True,1601.0500508173634,1807.430364315859,12.890309918364817
0.1,central_front,1.6,0.8,-0.3,True,1604.2979045848076,1815.629114653224,13.172815938016758
0.1,central_front,1.6,0.8,-0.18,True,1604.141593867682,1816.1932436183058,13.21901075075016
0.1,central_front,1.6,0.8,-0.1,True,1604.4664563810127,1816.5866670638206,13.220607376314986
0.1,central_front,1.6,1.0,-0.3,True,1610.200725090753,1831.8428790774594,13.764877293432743
0.1,central_front,1.6,1.0,-0.18,True,1610.1003775060403,1831.46123432515,13.748264388459175
0.1,central_front,1.6,1.0,-0.1,True,1610.3185624177981,1831.5560433777327,13.738740030901697
0.11,equal,1.1,0.65,-0.3,True,1614.7265883164087,1825.9865201688544,13.083325275068125
0.11,equal,1.1,0.65,-0.18,True,1615.024167342491,1826.8728519558915,13.117369318503492
0.11,equal,1.1,0.65,-0.1,True,1614.807440059647,1827.1495701821038,13.149687377871722
0.11,equal,1.1,0.8,-0.3,True,1619.6869372308702,1839.5230464990113,13.5727531175863
0.11,equal,1.1,0.8,-0.18,True,1618.1223569176516,1840.565850479033,13.747013173040411
0.11,equal,1.1,0.8,-0.1,True,1618.7509602601012,1840.8041081222473,13.71756084249467
0.11,equal,1.1,1.0,-0.3,True,1630.5651677431788,1859.3668805201642,14.032049580309858
0.11,equal,1.1,1.0,-0.18,True,1630.5786215777684,1859.3499029960556,14.03006751044762
0.11,equal,1.1,1.0,-0.1,True,1630.2386591857621,1861.9567242484034,14.213751082211168
0.11,equal,1.35,0.65,-0.3,True,1614.7265883164087,1827.2904240254854,13.164076026685478
0.11,equal,1.35,0.65,-0.18,True,1615.024167342491,1828.5261709249562,13.219740478173847
0.11,equal,1.35,0.65,-0.1,True,1615.474045461329,1828.0483920090296,13.158635828593335
0.11,equal,1.35,0.8,-0.3,True,1620.0940037036846,1840.6248608134501,13.612225994640536
0.11,equal,1.35,0.8,-0.18,True,1618.6386893929944,1841.5160592961481,13.76943300340454
0.11,equal,1.35,0.8,-0.1,True,1618.8640879762609,1842.1630596288867,13.793558910295634
0.11,equal,1.35,1.0,-0.3,True,1631.5880704401704,1860.1872725722974,14.010840497899402
0.11,equal,1.35,1.0,-0.18,True,1631.3123708864903,1859.8678677189814,14.010529246969972
0.11,equal,1.35,1.0,-0.1,True,1631.4813725860906,1861.9567242484034,14.126753485207267
0.11,equal,1.6,0.65,-0.3,True,1615.0112619976062,1828.0256624456454,13.18965418139324
0.11,equal,1.6,0.65,-0.18,True,1615.1234157672234,1828.70010288914,13.223552146970906
0.11,equal,1.6,0.65,-0.1,True,1615.8242184842852,1829.5671303509068,13.228104234452065
0.11,equal,1.6,0.8,-0.3,True,1621.3224110916935,1840.6248608134501,13.526146818268714
0.11,equal,1.6,0.8,-0.18,True,1618.803607443858,1841.9486998047018,13.784568513113026
0.11,equal,1.6,0.8,-0.1,True,1619.1581362908682,1843.362182025378,13.846951740495928
0.11,equal,1.6,1.0,-0.3,True,1631.8199655288654,1864.389765171802,14.252172700164367
0.11,equal,1.6,1.0,-0.18,True,1632.1887442678492,1860.7143177938049,14.00117323002772
0.11,equal,1.6,1.0,-0.1,True,1632.0025754776157,1863.144465360529,14.163083646805408
0.11,weak_front,1.1,0.65,-0.3,True,1617.1142929076395,1825.873080290465,12.90934031678541
0.11,weak_front,1.1,0.65,-0.18,True,1617.3626246679262,1826.0425849378894,12.902484395718549
0.11,weak_front,1.1,0.65,-0.1,True,1617.6107728511518,1826.8211341348244,12.93329426305223
0.11,weak_front,1.1,0.8,-0.3,True,1623.3472977058495,1839.2044944938307,13.297043528087627
0.11,weak_front,1.1,0.8,-0.18,True,1623.3298532954827,1839.1973356423987,13.297820027684981
0.11,weak_front,1.1,0.8,-0.1,True,1622.883894972582,1838.7943816139693,13.304124054113853
0.11,weak_front,1.1,1.0,-0.3,True,1633.7297715851537,1861.6373957372225,13.950142068534245
0.11,weak_front,1.1,1.0,-0.18,True,1633.1408446009727,1860.6026152885547,13.927872261572016
0.11,weak_front,1.1,1.0,-0.1,True,1632.9271596014669,1861.8475062710336,14.019017647145816
0.11,weak_front,1.35,0.65,-0.3,True,1618.357952082922,1826.6275540442134,12.869192609288692
0.11,weak_front,1.35,0.65,-0.18,True,1617.5886796120972,1826.987833360616,12.945142135807552
0.11,weak_front,1.35,0.65,-0.1,True,1617.9052889604188,1827.883043385638,12.978371222220296
0.11,weak_front,1.35,0.8,-0.3,True,1624.2713607326239,1839.8979215137638,13.275279364889014
0.11,weak_front,1.35,0.8,-0.18,True,1623.584296189283,1840.2498789031451,13.344892730386615
0.11,weak_front,1.35,0.8,-0.1,True,1623.7019777832675,1840.5919216671514,13.357743406828227
0.11,weak_front,1.35,1.0,-0.3,True,1634.782922543288,1863.136360441987,13.968425700425225
0.11,weak_front,1.35,1.0,-0.18,True,1633.8174005088306,1863.4247468106532,14.053427649277971
0.11,weak_front,1.35,1.0,-0.1,True,1633.2664888702543,1862.495969535693,14.035032386172253
0.11,weak_front,1.6,0.65,-0.3,True,1618.4436277303255,1827.7252219003267,12.931040079752032
0.11,weak_front,1.6,0.65,-0.18,True,1618.0043397069562,1827.7295232174188,12.961966687212145
0.11,weak_front,1.6,0.65,-0.1,True,1618.0091673180873,1828.3589923375775,13.000533573499663
0.11,weak_front,1.6,0.8,-0.3,True,1624.6920971130926,1840.9539739806146,13.310945332460022
0.11,weak_front,1.6,0.8,-0.18,True,1624.0528021634018,1841.3224421890761,13.378237440078866
0.11,weak_front,1.6,0.8,-0.1,True,1624.4547567126644,1841.8877861506985,13.384985241327584
0.11,weak_front,1.6,1.0,-0.3,True,1634.782922543288,1865.447204262083,14.109780481431923
0.11,weak_front,1.6,1.0,-0.18,True,1634.7849061137945,1865.6924536906972,14.124643964680072
0.11,weak_front,1.6,1.0,-0.1,True,1635.1520888065772,1864.1659192375882,14.005659289965976
0.11,central_front,1.1,0.65,-0.3,True,1620.4588789978009,1824.9865849952746,12.621591861927861
0.11,central_front,1.1,0.65,-0.18,True,1620.9012412979646,1825.2063522313479,12.60441449040921
0.11,central_front,1.1,0.65,-0.1,True,1620.395604004509,1825.6389503752293,12.666249270455875
0.11,central_front,1.1,0.8,-0.3,True,1626.7263237660216,1836.2606511884671,12.880736259148629
0.11,central_front,1.1,0.8,-0.18,True,1626.161025070452,1836.574298490129,12.939264327194234
0.11,central_front,1.1,0.8,-0.1,True,1626.3661506607777,1837.188782130919,12.962802465145117
0.11,central_front,1.1,1.0,-0.3,True,1637.3223798709662,1859.3107047496928,13.558009565362505
0.11,central_front,1.1,1.0,-0.18,True,1637.357037164164,1859.3655634516572,13.55895636983384
0.11,central_front,1.1,1.0,-0.1,True,1636.7528208701292,1859.7325929727638,13.623301530899102
0.11,central_front,1.35,0.65,-0.3,True,1621.0027699975274,1825.45599872073,12.612762452189674
0.11,central_front,1.35,0.65,-0.18,True,1621.2338720965922,1826.0449482960237,12.633037079009956
0.11,central_front,1.35,0.65,-0.1,True,1620.6450884035066,1825.8510347415295,12.661991685062324
0.11,central_front,1.35,0.8,-0.3,True,1626.8938392551422,1837.984997470675,12.975103422370736
0.11,central_front,1.35,0.8,-0.18,True,1626.4394010804167,1837.873645953408,12.99982309408756
0.11,central_front,1.35,0.8,-0.1,True,1626.8511875045729,1838.0598389849688,12.982665722755439
0.11,central_front,1.35,1.0,-0.3,True,1637.48396578234,1861.8386167566955,13.701181548190956
0.11,central_front,1.35,1.0,-0.18,True,1638.534025722208,1860.8041707319371,13.565183360275967
0.11,central_front,1.35,1.0,-0.1,True,1638.7035163358803,1861.2589176987954,13.58118775875614
0.11,central_front,1.6,0.65,-0.3,True,1621.387140790815,1826.0572288013,12.623147357062381
0.11,central_front,1.6,0.65,-0.18,True,1621.3201986779402,1826.6427188191803,12.663909344290204
0.11,central_front,1.6,0.65,-0.1,True,1621.9146705204976,1826.717276178856,12.627212108059549
0.11,central_front,1.6,0.8,-0.3,True,1627.2549263205713,1838.987789433787,13.011659063891745
0.11,central_front,1.6,0.8,-0.18,True,1627.5763411476073,1839.469693854831,13.018950162289599
0.11,central_front,1.6,0.8,-0.1,True,1627.140517258924,1839.079490531044,13.025240968687314
0.11,central_front,1.6,1.0,-0.3,True,1638.7411941066307,1864.075328952722,13.750440622134574
0.11,central_front,1.6,1.0,-0.18,True,1638.9354114245752,1862.4998239493439,13.640831174087854
0.11,central_front,1.6,1.0,-0.1,True,1639.110698859776,1862.9669651549048,13.657178032627758
0.12,equal,1.1,0.65,-0.3,True,1642.690775983167,1853.5064474723767,12.833557877807799
0.12,equal,1.1,0.65,-0.18,True,1642.8696735802628,1852.855507837889,12.781648942366175
0.12,equal,1.1,0.65,-0.1,True,1643.0171531508622,1852.8020195735385,12.768270009863603
0.12,equal,1.1,0.8,-0.3,True,1644.805591418353,1871.4591740577343,13.77996182782506
0.12,equal,1.1,0.8,-0.18,True,1643.4859496092442,1868.0247844607134,13.662351960164653
0.12,equal,1.1,0.8,-0.1,True,1646.0738266551566,1867.4408630281105,13.448183962852656
0.12,equal,1.1,1.0,-0.3,True,1654.579986893371,1889.4688738539276,14.196284786544688
0.12,equal,1.1,1.0,-0.18,True,1654.640508622168,1890.152093694385,14.233398967630094
0.12,equal,1.1,1.0,-0.1,True,1657.199351704804,1888.7157554815794,13.970341198758529
0.12,equal,1.35,0.65,-0.3,True,1642.690775983167,1853.5064474723767,12.833557877807799
0.12,equal,1.35,0.65,-0.18,True,1642.8696735802628,1854.8003274841485,12.900028365733407
0.12,equal,1.35,0.65,-0.1,True,1643.4859496092442,1854.8381332527579,12.859993338778764
0.12,equal,1.35,0.8,-0.3,True,1646.2171550638,1873.5020037691966,13.80649253995825
0.12,equal,1.35,0.8,-0.18,True,1644.805591418353,1871.4591740577343,13.77996182782506
0.12,equal,1.35,0.8,-0.1,True,1646.0738266551566,1868.0247844607134,13.48365754995109
0.12,equal,1.35,1.0,-0.3,True,1655.0842177159614,1889.7509031885563,14.178534419018153
0.12,equal,1.35,1.0,-0.18,True,1654.640508622168,1891.3675648762082,14.306857291386187
0.12,equal,1.35,1.0,-0.1,True,1657.199351704804,1890.2640045170704,14.063766834841363
0.12,equal,1.6,0.65,-0.3,True,1642.690775983167,1854.8879753274407,12.917659394372105
0.12,equal,1.6,0.65,-0.18,True,1642.8696735802628,1855.2728937459533,12.928793049226229
0.12,equal,1.6,0.65,-0.1,True,1643.4859496092442,1855.6696994843105,12.910591047371911
0.12,equal,1.6,0.8,-0.3,True,1646.2171550638,1873.7700178778305,13.822773144725954
0.12,equal,1.6,0.8,-0.18,True,1646.3156626497903,1872.7397563167306,13.753382708058815
0.12,equal,1.6,0.8,-0.1,True,1647.3934684642654,1868.328367233229,13.411179721073175
0.12,equal,1.6,1.0,-0.3,True,1655.0842177159614,1890.1389043741813,14.20197740647897
0.12,equal,1.6,1.0,-0.18,True,1655.1447394447584,1891.649594210837,14.289073887605586
0.12,equal,1.6,1.0,-0.1,True,1657.199351704804,1891.7615050335223,14.154130164691292
0.12,weak_front,1.1,0.65,-0.3,True,1644.9960208406815,1852.2223889932916,12.597378080386257
0.12,weak_front,1.1,0.65,-0.18,True,1645.6672755754628,1852.4746203120358,12.566777489347336
0.12,weak_front,1.1,0.65,-0.1,True,1646.5775288188854,1851.6528652284053,12.45464199651889
0.12,weak_front,1.1,0.8,-0.3,True,1651.8872810302794,1871.1555912852186,13.273805832452567
0.12,weak_front,1.1,0.8,-0.18,True,1651.8872810302794,1870.5781765300967,13.238850980402251
0.12,weak_front,1.1,0.8,-0.1,True,1651.8872810302794,1870.255400990785,13.21931117626316
0.12,weak_front,1.1,1.0,-0.3,True,1659.6746722916193,1888.2534026721044,13.77250217748227
0.12,weak_front,1.1,1.0,-0.18,True,1657.7621922700203,1888.603844658894,13.92489546843725
0.12,weak_front,1.1,1.0,-0.1,True,1657.046381533382,1888.4561865803096,13.96519781376233
0.12,weak_front,1.35,0.65,-0.3,True,1644.9960208406815,1852.9797297955206,12.643417146294865
0.12,weak_front,1.35,0.65,-0.18,True,1645.9556652426154,1853.3661636759437,12.601220240203471
0.12,weak_front,1.35,0.65,-0.1,True,1647.032432187694,1853.0377367282676,12.50766533279155
0.12,weak_front,1.35,0.8,-0.3,True,1653.2069228393882,1873.0250931765659,13.296470472047094
0.12,weak_front,1.35,0.8,-0.18,True,1651.8872810302794,1871.1555912852186,13.273805832452567
0.12,weak_front,1.35,0.8,-0.1,True,1651.8872810302794,1870.5781765300967,13.238850980402251
0.12,weak_front,1.35,1.0,-0.3,True,1659.6746722916193,1888.2534026721044,13.77250217748227
0.12,weak_front,1.35,1.0,-0.18,True,1657.7621922700203,1890.152093694385,14.01828938480898
0.12,weak_front,1.35,1.0,-0.1,True,1658.4194455873646,1889.925773616012,13.959455712161795
0.12,weak_front,1.6,0.65,-0.3,True,1644.9960208406815,1854.6464659867947,12.74473874039954
0.12,weak_front,1.6,0.65,-0.18,True,1645.9556652426154,1854.6788774712338,12.68097413777256
0.12,weak_front,1.6,0.65,-0.1,True,1647.3208218548466,1853.783976184316,12.533269269127345
0.12,weak_front,1.6,0.8,-0.3,True,1653.2069228393882,1873.5020037691966,13.325318076423898
0.12,weak_front,1.6,0.8,-0.18,True,1653.2069228393882,1871.936084650365,13.230597984389568
0.12,weak_front,1.6,0.8,-0.1,True,1651.8872810302794,1871.3782555191965,13.287285216702017
0.12,weak_front,1.6,1.0,-0.3,True,1662.3875899853638,1889.7509031885563,13.676913529244672
0.12,weak_front,1.6,1.0,-0.18,True,1659.8195426197292,1890.152093694385,13.876963438514345
0.12,weak_front,1.6,1.0,-0.1,True,1658.4194455873646,1890.2640045170704,13.979850486352262
0.12,central_front,1.1,0.65,-0.3,True,1650.9212865743573,1851.1846637094195,12.1304012955461
0.12,central_front,1.1,0.65,-0.18,True,1648.597822648284,1850.6151924307987,12.253890367148301
0.12,central_front,1.1,0.65,-0.1,True,1647.6241267332039,1849.515026853188,12.253456164196841
0.12,central_front,1.1,0.8,-0.3,True,1651.8872810302794,1870.0657307225242,13.207829141717674
0.12,central_front,1.1,0.8,-0.18,True,1653.6203298570306,1866.6041489386384,12.879850062076947
0.12,central_front,1.1,0.8,-0.1,True,1654.9196941064058,1866.4781713550205,12.783609863489387
0.12,central_front,1.1,1.0,-0.3,True,1663.8778443319495,1887.3214030056015,13.429084318588602
0.12,central_front,1.1,1.0,-0.18,True,1663.9811566721023,1887.1940889601522,13.4143906253402
0.12,central_front,1.1,1.0,-0.1,True,1663.822591644907,1888.4561865803096,13.501054503252208
0.12,central_front,1.35,0.65,-0.3,True,1651.5988913631268,1852.0687013338502,12.13792350061873
0.12,central_front,1.35,0.65,-0.18,True,1648.597822648284,1851.609438642325,12.31419896381556
0.12,central_front,1.35,0.65,-0.1,True,1647.6241267332039,1851.1348572493564,12.351769266674895
0.12,central_front,1.35,0.8,-0.3,True,1651.8872810302794,1870.0657307225242,13.207829141717674
0.12,central_front,1.35,0.8,-0.18,True,1654.243692151044,1869.322546990375,13.001642736183584
0.12,central_front,1.35,0.8,-0.1,True,1654.9196941064058,1867.1524661506828,12.824354728515974
0.12,central_front,1.35,1.0,-0.3,True,1663.8778443319495,1887.8214393859428,13.45913678800783
0.12,central_front,1.35,1.0,-0.18,True,1663.9811566721023,1888.06990723041,13.46702453088331
0.12,central_front,1.35,1.0,-0.1,True,1663.822591644907,1888.4561865803096,13.501054503252208
0.12,central_front,1.6,0.65,-0.3,True,1651.8872810302794,1853.0088936634993,12.175262497800743
0.12,central_front,1.6,0.65,-0.18,True,1651.5988913631268,1852.3745215655113,12.15644011704784
0.12,central_front,1.6,0.65,-0.1,True,1648.597822648284,1852.051933520103,12.34103964452611
0.12,central_front,1.6,0.8,-0.3,True,1653.2069228393882,1871.6316498413557,13.212183180725035
0.12,central_front,1.6,0.8,-0.18,True,1654.243692151044,1870.5781765300967,13.077546277220442
0.12,central_front,1.6,0.8,-0.1,True,1654.9196941064058,1870.7709055990558,13.043002162663942
0.12,central_front,1.6,1.0,-0.3,True,1665.2509083859322,1888.2534026721044,13.391525154748019
0.12,central_front,1.6,1.0,-0.18,True,1663.9811566721023,1888.6636759958546,13.502708154045973
0.12,central_front,1.6,1.0,-0.1,True,1664.1953160300218,1889.8178983789867,13.557458080533058
